{"cameraMode":{"drawMode":0,"name":"Shaded","section":"Shading Mode"},"sceneLighting":true,"audioPlay":false,"sceneViewState":{"showFog":true,"showMaterialUpdate":false,"showSkybox":true,"showFlares":true,"showImageEffects":true,"showParticleSystems":true},"in2DMode":false,"pivot":{"x":3.8921847343444826,"y":-1.7356679439544678,"z":4.744690418243408},"rotation":{"x":0.09542446583509445,"y":-0.8889067769050598,"z":0.21611739695072175,"w":0.3924866020679474},"size":2.0778262615203859,"orthographic":false}